short_name_stocks,ticker_stocks_yf,ticker_stocks,secteur_activite,pays_stocks,place_boursiere,capitalisation_boursiere,nom_indice,ticker_indice_yf,nombres_entreprises,ponderation
3I GROUP PLC ORD 73 19/22P,III.L,III,Financial Services,United Kingdom,LSE,25415854080,FTSE 100,^FTSE,100,0.93
ABERDEEN GROUP PLC ORD 13 61/63,ABDN.L,ABDN,Financial Services,United Kingdom,LSE,4430606336,FTSE 100,^FTSE,100,0.16
ADMIRAL GROUP PLC ORD 0.1P,ADM.L,ADM,Financial Services,United Kingdom,LSE,10838187008,FTSE 100,^FTSE,100,0.4
AIRTEL AFRICA PLC ORD USD0.50,AAF.L,AAF,Communication Services,United Kingdom,LSE,12090624000,FTSE 100,^FTSE,100,0.44
ALLIANCE WITAN PLC ORD 2.5P,ALW.L,ALW,Non disponible,Non disponible,LSE,5013831168,FTSE 100,^FTSE,100,0.18
ANGLO AMERICAN PLC ORD USD0.623,AAL.L,AAL,Basic Materials,United Kingdom,LSE,39495045120,FTSE 100,^FTSE,100,1.45
ANTOFAGASTA PLC ORD 5P,ANTO.L,ANTO,Basic Materials,United Kingdom,LSE,36900618240,FTSE 100,^FTSE,100,1.36
ASSOCIATED BRITISH FOODS PLC OR,ABF.L,ABF,Consumer Defensive,United Kingdom,LSE,13489147904,FTSE 100,^FTSE,100,0.5
ASTRAZENECA PLC ORD SHS $0.25,AZN.L,AZN,Healthcare,United Kingdom,LSE,218206322688,FTSE 100,^FTSE,100,8.02
AUTOTRADER GROUP PLC ORD 1P,AUTO.L,AUTO,Communication Services,United Kingdom,LSE,4017969664,FTSE 100,^FTSE,100,0.15
AVIVA PLC ORD 32 17/19P,AV.L,AV,Financial Services,United Kingdom,LSE,19834064896,FTSE 100,^FTSE,100,0.73
BABCOCK INTERNATIONAL GROUP PLC,BAB.L,BAB,Industrials,United Kingdom,LSE,5020623360,FTSE 100,^FTSE,100,0.18
BAE SYSTEMS PLC ORD 2.5P,BA.L,BA,Industrials,United Kingdom,LSE,56753233920,FTSE 100,^FTSE,100,2.09
BARCLAYS PLC ORD 25P,BARC.L,BARC,Financial Services,United Kingdom,LSE,69833711616,FTSE 100,^FTSE,100,2.57
BARRATT REDROW PLC ORD 10P,BTRW.L,BTRW,Consumer Cyclical,United Kingdom,LSE,3875245312,FTSE 100,^FTSE,100,0.14
BEAZLEY PLC ORD 5P,BEZ.L,BEZ,Financial Services,United Kingdom,LSE,7612696576,FTSE 100,^FTSE,100,0.28
BP PLC $0.25,BP.L,BP,Energy,United Kingdom,LSE,71172186112,FTSE 100,^FTSE,100,2.62
BRITISH AMERICAN TOBACCO PLC OR,BATS.L,BATS,Consumer Defensive,United Kingdom,LSE,99516686336,FTSE 100,^FTSE,100,3.66
BRITISH LAND COMPANY PLC ORD 25,BLND.L,BLND,Real Estate,United Kingdom,LSE,4232949504,FTSE 100,^FTSE,100,0.16
BT GROUP PLC ORD 5P,BT-A.L,BT-A,Communication Services,United Kingdom,LSE,18484998144,FTSE 100,^FTSE,100,0.68
BUNZL PLC ORD 32 1/7P,BNZL.L,BNZL,Consumer Defensive,United Kingdom,LSE,8546961920,FTSE 100,^FTSE,100,0.31
BURBERRY GROUP PLC ORD 0.05P,BRBY.L,BRBY,Consumer Cyclical,United Kingdom,LSE,3824563200,FTSE 100,^FTSE,100,0.14
CENTRICA PLC ORD 6 14/81P,CNA.L,CNA,Utilities,United Kingdom,LSE,7674151424,FTSE 100,^FTSE,100,0.28
COCA-COLA EUROPACIFIC PARTNERS ,CCEP.L,CCEP,Consumer Defensive,United Kingdom,LSE,35554996224,FTSE 100,^FTSE,100,1.31
COCA-COLA HBC AG ORD CHF6.70 (C,CCH.L,CCH,Consumer Defensive,Switzerland,LSE,18458451968,FTSE 100,^FTSE,100,0.68
COMPASS GROUP PLC ORD 11 1/20P,CPG.L,CPG,Consumer Cyclical,United Kingdom,LSE,56042323968,FTSE 100,^FTSE,100,2.06
COMPUTACENTER PLC ORD 7 5/9P,CCC.L,CCC,Technology,United Kingdom,LSE,4552671232,FTSE 100,^FTSE,100,0.17
CONVATEC GROUP PLC ORD 10P,CTEC.L,CTEC,Healthcare,United Kingdom,LSE,4291982080,FTSE 100,^FTSE,100,0.16
CRODA INTERNATIONAL PLC ORD 10.,CRDA.L,CRDA,Basic Materials,United Kingdom,LSE,4172262912,FTSE 100,^FTSE,100,0.15
DCC PLC ORD EUR0.25 (CDI),DCC.L,DCC,Energy,Ireland,LSE,5287754240,FTSE 100,^FTSE,100,0.19
DIAGEO PLC ORD 28 101/108P,DGE.L,DGE,Consumer Defensive,United Kingdom,LSE,33465178112,FTSE 100,^FTSE,100,1.23
DIPLOMA PLC ORD 5P,DPLM.L,DPLM,Industrials,United Kingdom,LSE,9574371328,FTSE 100,^FTSE,100,0.35
ENDEAVOUR MINING PLC ORD USD0.0,EDV.L,EDV,Basic Materials,United Kingdom,LSE,9290402816,FTSE 100,^FTSE,100,0.34
ENTAIN PLC ORD EUR0.01,ENT.L,ENT,Consumer Cyclical,Isle of Man,LSE,3500297728,FTSE 100,^FTSE,100,0.13
EXPERIAN PLC ORD USD0.10,EXPN.L,EXPN,Industrials,Ireland,LSE,22868574208,FTSE 100,^FTSE,100,0.84
F&C INVESTMENT TRUST PLC ORD 6.,FCIT.L,FCIT,Non disponible,Non disponible,LSE,6506621952,FTSE 100,^FTSE,100,0.24
FRESNILLO PLC ORD USD0.50,FRES.L,FRES,Basic Materials,Mexico,LSE,20426688512,FTSE 100,^FTSE,100,0.75
GAMES WORKSHOP GROUP PLC ORD 5P,GAW.L,GAW,Consumer Cyclical,United Kingdom,LSE,7131033088,FTSE 100,^FTSE,100,0.26
GLENCORE PLC ORD USD0.01,GLEN.L,GLEN,Basic Materials,Switzerland,LSE,59291652096,FTSE 100,^FTSE,100,2.18
GSK PLC ORD 31 1/4P,GSK.L,GSK,Healthcare,United Kingdom,LSE,78289362944,FTSE 100,^FTSE,100,2.88
HALEON PLC ORD GBP0.01,HLN.L,HLN,Healthcare,United Kingdom,LSE,31466194944,FTSE 100,^FTSE,100,1.16
HALMA PLC ORD 10P,HLMA.L,HLMA,Industrials,United Kingdom,LSE,15054256128,FTSE 100,^FTSE,100,0.55
HISCOX LTD ORD 6.5P (DI),HSX.L,HSX,Financial Services,Bermuda,LSE,5890970112,FTSE 100,^FTSE,100,0.22
HOWDEN JOINERY GROUP PLC ORD 10,HWDN.L,HWDN,Consumer Cyclical,United Kingdom,LSE,4505638400,FTSE 100,^FTSE,100,0.17
HSBC HOLDINGS PLC ORD $0.50 (UK,HSBA.L,HSBA,Financial Services,United Kingdom,LSE,245973909504,FTSE 100,^FTSE,100,9.05
ICG PLC ORD 26 1/4P,ICG.L,ICG,Financial Services,United Kingdom,LSE,4961424896,FTSE 100,^FTSE,100,0.18
IG GROUP HOLDINGS PLC ORD 0.005,IGG.L,IGG,Financial Services,United Kingdom,LSE,6071649792,FTSE 100,^FTSE,100,0.22
INTERCONTINENTAL HOTELS GROUP P,IHG.L,IHG,Consumer Cyclical,United Kingdom,LSE,24867821568,FTSE 100,^FTSE,100,0.91
IMI PLC ORD 28 4/7P,IMI.L,IMI,Industrials,United Kingdom,LSE,6906101760,FTSE 100,^FTSE,100,0.25
IMPERIAL BRANDS PLC ORD 10P,IMB.L,IMB,Consumer Defensive,United Kingdom,LSE,21501298688,FTSE 100,^FTSE,100,0.79
INFORMA PLC ORD 0.1P,INF.L,INF,Communication Services,United Kingdom,LSE,11447678976,FTSE 100,^FTSE,100,0.42
INTERNATIONAL CONSOLIDATED AIRL,IAG.L,IAG,Industrials,United Kingdom,LSE,21038383104,FTSE 100,^FTSE,100,0.77
INTERTEK GROUP PLC ORD 1P,ITRK.L,ITRK,Industrials,United Kingdom,LSE,8910454784,FTSE 100,^FTSE,100,0.33
INVESTEC PLC ORD GBP0.0002,INVP.L,INVP,Financial Services,South Africa,LSE,3789553920,FTSE 100,^FTSE,100,0.14
JD SPORTS FASHION PLC ORD 0.05P,JD.L,JD,Consumer Cyclical,United Kingdom,LSE,3985521664,FTSE 100,^FTSE,100,0.15
LION FINANCE GROUP PLC ORD 1P,BGEO.L,BGEO,Financial Services,United Kingdom,LSE,4970287104,FTSE 100,^FTSE,100,0.18
KINGFISHER PLC ORD 15 5/7P,KGF.L,KGF,Consumer Cyclical,United Kingdom,LSE,4656257536,FTSE 100,^FTSE,100,0.17
LAND SECURITIES GROUP PLC ORD 1,LAND.L,LAND,Real Estate,United Kingdom,LSE,4831614976,FTSE 100,^FTSE,100,0.18
LEGAL & GENERAL GROUP PLC ORD 2,LGEN.L,LGEN,Financial Services,United Kingdom,LSE,15842386944,FTSE 100,^FTSE,100,0.58
LLOYDS BANKING GROUP PLC ORD 10,LLOY.L,LLOY,Financial Services,United Kingdom,LSE,65768243200,FTSE 100,^FTSE,100,2.42
LONDONMETRIC PROPERTY PLC ORD 1,LMP.L,LMP,Real Estate,United Kingdom,LSE,4401140736,FTSE 100,^FTSE,100,0.16
LONDON STOCK EXCHANGE GROUP PLC,LSEG.L,LSEG,Financial Services,United Kingdom,LSE,41095200768,FTSE 100,^FTSE,100,1.51
M&G PLC,MNG.L,MNG,Financial Services,United Kingdom,LSE,8033198592,FTSE 100,^FTSE,100,0.3
MARKS AND SPENCER GROUP PLC ORD,MKS.L,MKS,Consumer Cyclical,United Kingdom,LSE,7857717248,FTSE 100,^FTSE,100,0.29
MELROSE INDUSTRIES PLC ORD GBP0,MRO.L,MRO,Industrials,United Kingdom,LSE,6038025728,FTSE 100,^FTSE,100,0.22
METLEN ENERGY & METALS PLC ORD ,MTLN.L,MTLN,Utilities,Greece,LSE,6022988800,FTSE 100,^FTSE,100,0.22
NATIONAL GRID PLC ORD 12 204/47,NG.L,NG,Utilities,United Kingdom,LSE,60604157952,FTSE 100,^FTSE,100,2.23
NATWEST GROUP PLC ORD 107.69P,NWG.L,NWG,Financial Services,United Kingdom,LSE,53719375872,FTSE 100,^FTSE,100,1.98
NEXT PLC ORD 10P,NXT.L,NXT,Consumer Cyclical,United Kingdom,LSE,16631952384,FTSE 100,^FTSE,100,0.61
PEARSON PLC ORD 25P,PSON.L,PSON,Communication Services,United Kingdom,LSE,7412129280,FTSE 100,^FTSE,100,0.27
PERSHING SQUARE HOLDINGS LTD OR,PSH.L,PSH,Financial Services,United States,LSE,6687370752,FTSE 100,^FTSE,100,0.25
PERSIMMON PLC ORD 10P,PSN.L,PSN,Consumer Cyclical,United Kingdom,LSE,3356835840,FTSE 100,^FTSE,100,0.12
POLAR CAPITAL TECHNOLOGY TRUST ,PCT.L,PCT,Non disponible,Non disponible,LSE,7678461440,FTSE 100,^FTSE,100,0.28
PRUDENTIAL PLC ORD 5P,PRU.L,PRU,Financial Services,Hong Kong,LSE,25717309440,FTSE 100,^FTSE,100,0.95
RECKITT BENCKISER GROUP PLC ORD,RKT.L,RKT,Consumer Defensive,United Kingdom,LSE,32082665472,FTSE 100,^FTSE,100,1.18
RELX PLC ORD 14 51/116P,REL.L,REL,Industrials,United Kingdom,LSE,40536604672,FTSE 100,^FTSE,100,1.49
RENTOKIL INITIAL PLC ORD 1P,RTO.L,RTO,Industrials,United Kingdom,LSE,11033711616,FTSE 100,^FTSE,100,0.41
RIO TINTO PLC ORD 10P,RIO.L,RIO,Basic Materials,United Kingdom,LSE,113691287552,FTSE 100,^FTSE,100,4.18
ROLLS-ROYCE HOLDINGS PLC ORD SH,RR.L,RR,Industrials,United Kingdom,LSE,122098098176,FTSE 100,^FTSE,100,4.49
THE SAGE GROUP PLC ORD 1 4/77P,SGE.L,SGE,Technology,United Kingdom,LSE,7471075328,FTSE 100,^FTSE,100,0.27
SAINSBURY (J) PLC ORD 28 4/7P,SBRY.L,SBRY,Consumer Defensive,United Kingdom,LSE,7383622144,FTSE 100,^FTSE,100,0.27
SCHRODERS PLC ORD 20P,SDR.L,SDR,Financial Services,United Kingdom,LSE,9153213440,FTSE 100,^FTSE,100,0.34
SCOTTISH MORTGAGE INVESTMENT TR,SMT.L,SMT,Non disponible,Non disponible,LSE,16276909056,FTSE 100,^FTSE,100,0.6
SEGRO PLC ORD 10P,SGRO.L,SGRO,Real Estate,United Kingdom,LSE,11922262016,FTSE 100,^FTSE,100,0.44
SEVERN TRENT PLC ORD 97 17/19P,SVT.L,SVT,Utilities,United Kingdom,LSE,8859398144,FTSE 100,^FTSE,100,0.33
SHELL PLC ORD EUR0.07,SHEL.L,SHEL,Energy,United Kingdom,LSE,160002834432,FTSE 100,^FTSE,100,5.88
SMITHS GROUP PLC ORD 37.5P,SMIN.L,SMIN,Industrials,United Kingdom,LSE,7686044160,FTSE 100,^FTSE,100,0.28
SMITH & NEPHEW PLC ORD USD0.20,SN.L,SN,Healthcare,United Kingdom,LSE,9253146624,FTSE 100,^FTSE,100,0.34
SPIRAX GROUP PLC ORD 26 12/13P,SPX.L,SPX,Industrials,United Kingdom,LSE,4977531904,FTSE 100,^FTSE,100,0.18
SSE PLC ORD 50P,SSE.L,SSE,Utilities,United Kingdom,LSE,28975169536,FTSE 100,^FTSE,100,1.07
STANDARD CHARTERED PLC ORD USD0,STAN.L,STAN,Financial Services,United Kingdom,LSE,45057105920,FTSE 100,^FTSE,100,1.66
STANDARD LIFE PLC ORD 10P,SDLF.L,SDLF,Financial Services,United Kingdom,LSE,8456712192,FTSE 100,^FTSE,100,0.31
ST. JAMES'S PLACE PLC ORD 15P,STJ.L,STJ,Financial Services,United Kingdom,LSE,6332128256,FTSE 100,^FTSE,100,0.23
TESCO PLC ORD 6 1/3P,TSCO.L,TSCO,Consumer Defensive,United Kingdom,LSE,29448187904,FTSE 100,^FTSE,100,1.08
TRITAX BIG BOX REIT PLC ORD 1P,BBOX.L,BBOX,Non disponible,Non disponible,LSE,4386628096,FTSE 100,^FTSE,100,0.16
UNILEVER PLC ORD 3.5P,ULVR.L,ULVR,Consumer Defensive,United Kingdom,LSE,98681331712,FTSE 100,^FTSE,100,3.63
UNITED UTILITIES GROUP PLC ORD ,UU.L,UU,Utilities,United Kingdom,LSE,9768662016,FTSE 100,^FTSE,100,0.36
VODAFONE GROUP PLC ORD USD0.20 ,VOD.L,VOD,Communication Services,United Kingdom,LSE,22801078272,FTSE 100,^FTSE,100,0.84
WEIR GROUP PLC ORD 12.5P,WEIR.L,WEIR,Industrials,United Kingdom,LSE,6344918528,FTSE 100,^FTSE,100,0.23
WHITBREAD PLC ORD 76 122/153P,WTB.L,WTB,Consumer Cyclical,United Kingdom,LSE,3971282944,FTSE 100,^FTSE,100,0.15
