short_name_etf,ticker_etf_yf,ticker_etf,devise,place_boursiere_etf,volume_moyen,frais_pct
Amundi CAC 40 Daily (-2x) Inver,BX4.PA,BX4,EUR,PAR,14479914.0,0.6
Amundi EURO STOXX 50 Daily (-2x,BXX.PA,BXX,EUR,PAR,2764391.0,0.6
iShares MSCI World Swap PEA UCI,WPEA.PA,WPEA,EUR,PAR,981814.0,0.2
AMUNDI PEA MONDE MSCI World UCI,DCAM.PA,DCAM,EUR,PAR,902668.0,
Amundi ShortDAX Daily (-2x) Inv,DSD.PA,DSD,EUR,PAR,510396.0,0.6
Amundi MSCI Emerging Markets Sw,AEEM.PA,AEEM,EUR,PAR,419884.0,0.2
AMUNDI MSCI USA SCREENED UCITS ,USAS.PA,USAS,EUR,PAR,350592.0,0.05
State Street SPDR MSCI All Coun,IMIE.PA,IMIE,EUR,PAR,342876.0,0.4
Amundi MSCI Greece UCITS ETF Di,GRE.PA,GRE,EUR,PAR,339361.0,0.45
AMUNDI STOXX EUROPE DEFENSE UCI,DEFS.PA,DEFS,EUR,PAR,242759.0,0.35
Amundi CAC 40 Daily (2x) Levera,LVC.PA,LVC,EUR,PAR,229777.0,0.4
Amundi EURO STOXX 50 II UCITS E,MSE.PA,MSE,EUR,PAR,223505.0,0.2
HSBC HANG SENG TECH UCITS ETF,HSTE.PA,HSTE,EUR,PAR,166270.0,0.5
BNP PARIBAS EASY Bloomberg Euro,GUARD.PA,GUARD,EUR,PAR,159067.0,
BNP Paribas Easy Stoxx Europe 6,ETZ.PA,ETZ,EUR,PAR,135128.0,
BNP Paribas Easy S&P 500 UCITS ,ESE.PA,ESE,EUR,PAR,133001.0,
iShares MSCI Global Semiconduct,SEME.PA,SEME,EUR,PAR,120474.0,0.35
Amundi EURO STOXX 50 Daily (-1x,BSX.PA,BSX,EUR,PAR,118360.0,0.4
Amundi MSCI World (2x) Leverage,LWLD.PA,LWLD,EUR,PAR,117145.0,
Amundi CAC 40 Daily (-1x) Inver,SHC.PA,SHC,EUR,PAR,113411.0,0.4
Amundi CAC 40 UCITS ETF Acc,CACC.PA,CACC,EUR,PAR,108786.0,0.25
AMUNDI MSCI WORLD SCREENED UCIT,WLSC.PA,WLSC,EUR,PAR,101531.0,0.2
iSh AI Innovation Active UCITS ,IART.PA,IART,EUR,PAR,94405.0,
BNP PARIBAS EASY MSCI EMU Min T,EEMU.PA,EEMU,EUR,PAR,87431.0,
Amundi MSCI EUROPE SCREENED UCI,EUSC.PA,EUSC,EUR,PAR,85859.0,0.12
BNP Paribas Easy S&P 500 Scored,SPEEU.PA,SPEEU,EUR,PAR,83281.0,
BNP PARIBAS EASY MSCI Emerging ,EEMK.PA,EEMK,EUR,PAR,80581.0,
iShares Global Aerospace & Defe,DFND.PA,DFND,EUR,PAR,75256.0,0.35
Amundi Nasdaq-100 Daily (-1x) I,DSP5.PA,DSP5,EUR,PAR,73246.0,0.6
AMUNDI PEA EURO COURT TERME UCI,OBLI.PA,OBLI,EUR,PAR,73231.0,0.4
Amundi PEA Emergent (MSCI Emerg,PAEEM.PA,PAEEM,EUR,PAR,72950.0,
Amundi Core MSCI EMU UCITS ETF ,MFEC.PA,MFEC,EUR,PAR,72686.0,0.12
iShares MSCI EM ex-China UCITS ,MTPI.PA,MTPI,EUR,PAR,67378.0,0.25
BNP Paribas Easy EURO STOXX 50 ,ETDD.PA,ETDD,EUR,PAR,58421.0,
Amundi PEA Asie Emergente (MSCI,PAASI.PA,PAASI,EUR,PAR,57777.0,
21Shares Lido DAO ETP,LIDO.PA,LIDO,EUR,PAR,56050.0,
Amundi STOXX Europe 600 Banks U,BNK.PA,BNK,EUR,PAR,52274.0,0.3
BNP PARIBAS EASY MSCI Europe Mi,EEUE.PA,EEUE,EUR,PAR,48231.0,
Amundi PEA S&P 500 UCITS ETF Ac,PSP5.PA,PSP5,EUR,PAR,47380.0,0.12
Amundi PEA Nasdaq-100 UCITS ETF,PUST.PA,PUST,EUR,PAR,46885.0,0.3
iShares MSCI USA Swap UCITS ETF,MUSA.PA,MUSA,EUR,PAR,46864.0,0.05
BNP Paribas Easy MSCI Japan Min,EJAP.PA,EJAP,EUR,PAR,46556.0,
AMUNDI MSCI EM LATIN AMERICA UC,ALAT.PA,ALAT,EUR,PAR,43719.0,0.2
Amundi MSCI USA Daily (2x) Leve,CL2.PA,CL2,EUR,PAR,43413.0,
iShares S&P 500 Swap PEA UCITS ,SPEA.PA,SPEA,EUR,PAR,42985.0,
Amundi Smart Overnight Return U,CSH2.PA,CSH2,EUR,PAR,41639.0,0.1
Amundi Stoxx Europe Select Divi,SEL.PA,SEL,EUR,PAR,39872.0,0.3
Amundi MSCI India Swap UCITS ET,INR.PA,INR,EUR,PAR,36718.0,0.85
Amundi EURO STOXX 50 Daily (2x),LVE.PA,LVE,EUR,PAR,35526.0,0.4
VanEck Rare Earth and Strategic,REMX.PA,REMX,EUR,PAR,35128.0,0.59
Amundi Core Stoxx Europe 600 UC,MEUD.PA,MEUD,EUR,PAR,34589.0,0.07
Amundi CAC 40 UCITS ETF Dist,CAC.PA,CAC,EUR,PAR,34259.0,0.25
AMUNDI MSCI SWITZERLAND UCITS E,CSWC.PA,CSWC,CHF,PAR,33553.0,0.25
BNP Paribas Easy JPM ESG EMU Go,JBEM.PA,JBEM,EUR,PAR,33302.0,
Amundi PEA Chine (MSCI China) S,PASI.PA,PASI,EUR,PAR,33298.0,0.65
BNP PARIBAS EASY ESG ENHANCED U,AUSSE.PA,AUSSE,EUR,PAR,31638.0,
BNP PARIBAS EASY ESG ENHANCED J,AJASE.PA,AJASE,EUR,PAR,31545.0,
Amundi Core MSCI Europe UCITS E,CEU2.PA,CEU2,EUR,PAR,31347.0,0.12
Amundi Core EURO STOXX 50 UCITS,C50.PA,C50,EUR,PAR,30514.0,0.09
Amundi Euro Government Green Bo,ERTH.PA,ERTH,EUR,PAR,30329.0,0.2
BNP PARIBAS EASY ESG Enhanced E,AEUSE.PA,AEUSE,EUR,PAR,30055.0,
Amundi Core EUR Corporate Bond ,PRAC.PA,PRAC,EUR,PAR,29690.0,0.07
Amundi CAC 40 UCITS ETF S - Acc,CA40.PA,CA40,EUR,PAR,29399.0,
Amundi Core Nasdaq-100 Swap UCI,UST.PA,UST,EUR,PAR,29394.0,0.22
HSBC MSCI CHINA ETF,CNY.PA,CNY,EUR,PAR,28574.0,0.3
AMUNDI MSCI EM ASIA UCITS ETF -,AASI.PA,AASI,EUR,PAR,27985.0,0.2
VanEck Gold Miners UCITS ETF,GDX.PA,GDX,EUR,PAR,27587.0,0.53
iShares iBonds Dec 2028 Term  C,B28A.PA,B28A,EUR,PAR,27106.0,
Amundi EUR Corporate Bond ESG -,ECRP.PA,ECRP,EUR,PAR,26944.0,0.14
Amundi PEA Inde (MSCI India) UC,PINR.PA,PINR,EUR,PAR,26514.0,0.85
BNP PARIBAS EASY MSCI China Min,CHINE.PA,CHINE,EUR,PAR,26044.0,
Amundi PEA Amerique Latine (MSC,PALAT.PA,PALAT,EUR,PAR,24960.0,
iShares J.P. Morgan EM Local Go,EMGA.PA,EMGA,EUR,PAR,24441.0,0.5
Amundi PEA MSCI Europe UCITS ET,PCEU.PA,PCEU,EUR,PAR,23831.0,
Amundi PEA S&P 500 UCITS ETF EU,PSPH.PA,PSPH,EUR,PAR,22846.0,0.12
Amundi Gold Miners UCITS ETF Di,GLDM.PA,GLDM,EUR,PAR,22548.0,0.65
BNP PARIBAS EASY MSCI USA Min T,ENAM.PA,ENAM,EUR,PAR,22450.0,
Amundi MSCI Semiconductors UCIT,CHIP.PA,CHIP,EUR,PAR,21889.0,0.35
Amundi PEA Asie Pacifique (MSCI,PAEJ.PA,PAEJ,EUR,PAR,21758.0,0.6
Amundi Core S&P 500 Swap UCITS ,SP5.PA,SP5,EUR,PAR,21555.0,0.05
WisdomTree Physical Bitcoin,WBTC.PA,WBTC,EUR,PAR,21510.0,
Amundi MSCI World Swap UCITS ET,EWLD.PA,EWLD,EUR,PAR,21145.0,0.38
Amundi European Strategic Auton,INDEP.PA,INDEP,EUR,PAR,21017.0,0.4
BNP PARIBAS EASY S&P 500 SCORED,SPEUH.PA,SPEUH,EUR,PAR,20202.0,
Amundi Euro Stoxx Banks UCITS E,BNKE.PA,BNKE,EUR,PAR,19966.0,0.3
iShares iBonds Dec 2027 Term  C,IB27.PA,IB27,EUR,PAR,19842.0,
Amundi MSCI Brazil UCITS ETF Ac,RIO.PA,RIO,EUR,PAR,19337.0,0.65
Amundi S&P Eurozone Climate Par,EPAB.PA,EPAB,EUR,PAR,18971.0,0.2
BNP Paribas Easy MSCI World Min,WEMT2.PA,WEMT2,EUR,PAR,18899.0,
BNP PARIBAS EASY ENERGY & METAL,EMEH.PA,EMEH,EUR,PAR,18642.0,
Amundi MSCI AC Asia Pacific Ex ,AEJ.PA,AEJ,EUR,PAR,17728.0,0.6
BNP Paribas Easy EUR Overnight ,CASHE.PA,CASHE,EUR,PAR,17712.0,
VanEck Uranium and Nuclear Tech,NUCL.PA,NUCL,EUR,PAR,17653.0,0.55
BNP Paribas Easy MSCI World UCI,WETFE.PA,WETFE,EUR,PAR,17206.0,
Amundi S&P World Energy Screene,NRGW.PA,NRGW,EUR,PAR,16954.0,0.18
VanEck Space Innovators UCITS E,JEDI.PA,JEDI,EUR,PAR,16893.0,0.55
BNP Paribas Easy EUR Corp Bond ,SRIC.PA,SRIC,EUR,PAR,16583.0,
Amundi MSCI Europe ESG Selectio,ESGE.PA,ESGE,EUR,PAR,16428.0,0.2
Amundi Core MSCI Emerging Marke,AEME.PA,AEME,EUR,PAR,16154.0,0.18
Amundi Bloomberg Equal-weight C,COMO.PA,COMO,EUR,PAR,16115.0,0.3
Amundi STOXX Europe 600 Healthc,HLT.PA,HLT,EUR,PAR,16107.0,0.3
VanEck Crypto and Blockchain In,DAPP.PA,DAPP,EUR,PAR,16025.0,0.65
VanEck Semiconductor UCITS ETF,SMH.PA,SMH,EUR,PAR,15538.0,0.35
Amundi PEA S&P 500 Screened UCI,PE500.PA,PE500,EUR,PAR,15316.0,
BNP Paribas EASY CAC 40(R) ESG ,E40.PA,E40,EUR,PAR,15292.0,
Amundi MSCI New Energy UCITS ET,NRJ.PA,NRJ,EUR,PAR,15029.0,0.6
BNP PARIBAS EASY ESG ENHANCED W,AWDSE.PA,AWDSE,EUR,PAR,14934.0,
VanEck Junior Gold Miners UCITS,GDXJ.PA,GDXJ,EUR,PAR,14459.0,0.55
BNP Paribas Easy FTSE EPRA/NARE,EEE.PA,EEE,EUR,PAR,14255.0,
Amundi MSCI Korea UCITS ETF Acc,KRW.PA,KRW,EUR,PAR,13871.0,0.45
Amundi PEA US Tech Screened UCI,PANX.PA,PANX,EUR,PAR,13646.0,
OFI INVEST EMU EQUITY ACTIVE UC,OFIEU.PA,OFIEU,EUR,PAR,13553.0,
State Street SPDR S&P 400 US Mi,SPY4.PA,SPY4,EUR,PAR,13303.0,0.3
Amundi EUR Corporate Bond 0-3Y ,ECRP3.PA,ECRP3,EUR,PAR,12628.0,0.12
BNP Paribas Easy MSCI World SRI,EMWD.PA,EMWD,EUR,PAR,12545.0,
Amundi PEA Japon (TOPIX) UCITS ,PTPXE.PA,PTPXE,EUR,PAR,12496.0,
Amundi EUR Overnight Return UCI,CSH.PA,CSH,EUR,PAR,12478.0,0.1
Amundi PEA Luxe Monde UCITS ETF,MLUX.PA,MLUX,EUR,PAR,12138.0,
AMUNDI CAC 40 ESG UCITS ETF Acc,C40.PA,C40,EUR,PAR,12007.0,0.25
HSBC MSCI EMERGING MARKETS ISLA,HIES.PA,HIES,EUR,PAR,11982.0,
HSBC MSCI Emerging Markets UCIT,HEMA.PA,HEMA,EUR,PAR,11934.0,
VanEck Defense UCITS ETF,DFNS.PA,DFNS,EUR,PAR,11748.0,0.55
WisdomTree Europe Defence UCITS,WDEF.PA,WDEF,EUR,PAR,11623.0,
HSBC EURO STOXX 50 ETF,50E.PA,50E,EUR,PAR,10934.0,0.05
Future of Defence UCITS ETF - A,NATO.PA,NATO,EUR,PAR,10874.0,0.49
Amundi S&P World Materials Scre,MATW.PA,MATW,EUR,PAR,10821.0,0.18
HSBC MSCI China A UCITS ETF USD,HCAS.PA,HCAS,EUR,PAR,10643.0,
Amundi PEA Eau (MSCI Water) UCI,AWAT.PA,AWAT,EUR,PAR,10520.0,0.6
Amundi STOXX Europe 600 Basic R,BRES.PA,BRES,EUR,PAR,10417.0,0.3
Amundi S&P World Communication ,TELW.PA,TELW,EUR,PAR,10401.0,0.18
iMGP DBi Managed Futures Fund R,DBMFE.PA,DBMFE,EUR,PAR,10396.0,
Amundi PEA Immobilier Europe (F,PMEH.PA,PMEH,EUR,PAR,10357.0,0.4
iShares Global Clean Energy Tra,INRE.PA,INRE,EUR,PAR,10318.0,
Amundi MSCI EMU ESG Selection -,CMU.PA,CMU,EUR,PAR,10070.0,0.25
Amundi MSCI Eastern Europe Ex R,CEC.PA,CEC,EUR,PAR,10031.0,0.5
BNP PARIBAS EASY MSCI Pacific e,EPEJ.PA,EPEJ,EUR,PAR,9973.0,
Invesco S&P 500 High Dividend L,HDLV.PA,HDLV,EUR,PAR,9891.0,
Amundi S&P 500 Screened UCITS E,S500H.PA,S500H,EUR,PAR,9878.0,0.28
Future of European Defence Scre,ARMY.PA,ARMY,EUR,PAR,9800.0,
Amundi FTSE MIB UCITS ETF Dist,MIB.PA,MIB,EUR,PAR,9698.0,0.35
State Street SPDR S&P  Euro Div,EUDV.PA,EUDV,EUR,PAR,9626.0,0.3
Amundi S&P 500 Swap UCITS ETF E,500.PA,500,EUR,PAR,9316.0,0.15
Amundi PEA Emergent EMEA (MSCI ,PLEM.PA,PLEM,EUR,PAR,9304.0,0.55
iShares Diversified Commodity S,CMSE.PA,CMSE,EUR,PAR,8928.0,
Amundi Core FTSE 100 Swap UCITS,L100.PA,L100,EUR,PAR,8832.0,0.14
BNP Paribas Easy MSCI Emerging ,EMIS.PA,EMIS,EUR,PAR,8822.0,
Amundi Euro Government Bond 25+,MTH.PA,MTH,EUR,PAR,8718.0,0.07
Amundi STOXX Europe 600 Technol,TNO.PA,TNO,EUR,PAR,8487.0,0.3
BNP Paribas Easy MSCI EMU SRI P,MUSRI.PA,MUSRI,EUR,PAR,8432.0,
Amundi MSCI China UCITS ETF Acc,LCCN.PA,LCCN,EUR,PAR,8340.0,0.29
AMUNDI FLOATING RATE EURO CORPO,AFRN.PA,AFRN,EUR,PAR,8292.0,0.18
Amundi Core MSCI World UCITS ET,MWRD.PA,MWRD,EUR,PAR,8239.0,0.12
BNP Paribas Easy S&P 500 II,SPTRE.PA,SPTRE,EUR,PAR,8095.0,
Amundi Label ISR Actions USA UC,ISRU.PA,ISRU,EUR,PAR,7811.0,
iShares iBonds Dec 2029 Term EU,29GI.PA,29GI,EUR,PAR,7760.0,
AMUNDI CAC 40 ESG UCITS ETF Dis,C4D.PA,C4D,EUR,PAR,7749.0,0.25
BNP PARIBAS EASY ECPI CIRCULAR ,REUSE.PA,REUSE,EUR,PAR,7678.0,
Amundi MSCI Water UCITS ETF Acc,WATC.PA,WATC,EUR,PAR,7586.0,0.6
BNP Paribas Easy MSCI USA SRI P,EKLDC.PA,EKLDC,EUR,PAR,7018.0,
Amundi MSCI Emerging Markets SR,EMSRI.PA,EMSRI,EUR,PAR,6937.0,0.25
Amundi MSCI Emerging Ex China E,EMXU.PA,EMXU,EUR,PAR,6936.0,
iShares iBonds Dec 2026 Term  C,B26A.PA,B26A,EUR,PAR,6900.0,
Amundi Label ISR Actions Monde ,ISRM.PA,ISRM,EUR,PAR,6767.0,
Amundi Euro Government Bond 7-1,MTD.PA,MTD,EUR,PAR,6730.0,0.15
Amundi DAX II UCITS ETF Acc,DAX.PA,DAX,EUR,PAR,6646.0,0.15
Amundi STOXX Europe 600 Consume,TRV.PA,TRV,EUR,PAR,6600.0,0.3
Amundi Core Euro Government Bon,EGOV.PA,EGOV,EUR,PAR,6559.0,0.09
CM-AM Euro Stoxx 50 UCITS ETF,CM5E.PA,CM5E,EUR,PAR,6452.0,
Amundi MSCI Robotics & AI UCITS,GOAI.PA,GOAI,EUR,PAR,6287.0,0.4
iShares Digital Entertainment a,DGGE.PA,DGGE,EUR,PAR,6279.0,
HSBC MSCI WORLD,WRD.PA,WRD,EUR,PAR,6156.0,0.15
State Street SPDR MSCI Europe E,STN.PA,STN,EUR,PAR,6075.0,0.18
AMUNDI STOXX EUROPE 600 ESG,C6E.PA,C6E,EUR,PAR,6073.0,0.18
Amundi Label ISR Actions Europe,ISRA.PA,ISRA,EUR,PAR,5895.0,
Amundi MSCI World ESG Broad Tra,CLWD.PA,CLWD,EUR,PAR,5893.0,0.2
BNP Paribas Easy MSCI Japan SRI,SRIJC.PA,SRIJC,EUR,PAR,5727.0,
HSBC SP 500 ETF,HHH.PA,HHH,EUR,PAR,5710.0,0.09
Amundi S&P 500 Climate Paris Al,PABU.PA,PABU,EUR,PAR,5648.0,0.07
HSBC MSCI Europe UCITS ETF EUR ,HMES.PA,HMES,EUR,PAR,5618.0,
Amundi Label ISR Credit USD UCI,ISRD.PA,ISRD,EUR,PAR,5570.0,
Amundi MSCI Emerging Ex China U,EMXC.PA,EMXC,EUR,PAR,5511.0,0.15
Amundi STOXX Europe 600 Utiliti,UTI.PA,UTI,EUR,PAR,5383.0,0.3
Amundi S&P 500 Equal Weight ESG,MWOQ.PA,MWOQ,EUR,PAR,5361.0,0.2
BNP PARIBAS EASY MSCI Europe UC,UEFA.PA,UEFA,EUR,PAR,5268.0,
Amundi MSCI Emerging Markets ES,CLEM.PA,CLEM,EUR,PAR,5166.0,0.18
Amundi MSCI World Swap II UCITS,WLD.PA,WLD,EUR,PAR,5135.0,0.3
iShares iBonds Dec 2030 Term EU,30IG.PA,30IG,EUR,PAR,5036.0,
Amundi STOXX Europe 600 Energy ,ENRG.PA,ENRG,EUR,PAR,4940.0,0.3
WisdomTree Quantum Computing UC,WQTM.PA,WQTM,EUR,PAR,4886.0,
Bitwise Core Bitcoin ETP (BTC1),BTC1.PA,BTC1,EUR,PAR,4716.0,
BNP PARIBAS EASY FTSE EPRA NARE,GREAL.PA,GREAL,EUR,PAR,4682.0,
Amundi Euro Aggregate Bond ESG ,EGRI.PA,EGRI,EUR,PAR,4662.0,0.16
AMUNDI EUR CORPORATE BOND 1-5Y ,EBBB.PA,EBBB,EUR,PAR,4456.0,0.2
HSBC MSCI EUROPE ETF,HEU.PA,HEU,EUR,PAR,4376.0,0.2
BNP PARIBAS EASY MSCI Japan UCI,FUJI.PA,FUJI,EUR,PAR,4362.0,
VanEck Video Gaming and eSports,ESPO.PA,ESPO,EUR,PAR,4328.0,0.55
Amundi MSCI EMU Climate Paris A,PABZ.PA,PABZ,EUR,PAR,4319.0,0.15
Amundi S&P World Consumer Stapl,COSW.PA,COSW,EUR,PAR,4284.0,0.18
Amundi Euro Government Bond 10-,MTE.PA,MTE,EUR,PAR,4205.0,0.15
Amundi Euro Government Bond 1-3,MTA.PA,MTA,EUR,PAR,4201.0,0.15
Amundi MSCI Water UCITS ETF Dis,WAT.PA,WAT,EUR,PAR,4156.0,0.6
State Street SPDR MSCI Europe T,STK.PA,STK,EUR,PAR,4112.0,0.18
Amundi MSCI USA ESG Leaders UCI,USAL.PA,USAL,EUR,PAR,4097.0,0.17
BNP PARIBAS EASY MSCI Japan Min,EJAH.PA,EJAH,EUR,PAR,4061.0,
iShares iBonds Dec 2027 Term Co,IBE7.PA,IBE7,EUR,PAR,4004.0,
AMUNDI JAPAN TOPIX UCITS ETF - ,TPXE.PA,TPXE,EUR,PAR,3971.0,0.2
Amundi LevDax Daily (2x) levera,LVD.PA,LVD,EUR,PAR,3945.0,0.35
MELANION BITCOIN EQUITIES UCITS,BTC.PA,BTC,EUR,PAR,3926.0,
Amundi MSCI Indonesia UCITS ETF,INDO.PA,INDO,EUR,PAR,3917.0,0.45
State Street SPDR MSCI Europe I,STQ.PA,STQ,EUR,PAR,3847.0,0.18
WisdomTree Cloud Computing UCIT,WCLD.PA,WCLD,EUR,PAR,3814.0,
Amundi Corporate Proceeds Bond ,PLAN.PA,PLAN,EUR,PAR,3788.0,
Amundi MSCI Smart Mobility UCIT,ELCR.PA,ELCR,EUR,PAR,3788.0,0.45
Amundi Nasdaq-100 Swap UCITS ET,ANX.PA,ANX,EUR,PAR,3721.0,0.23
Amundi Label ISR Credit EUR UCI,ISRC.PA,ISRC,EUR,PAR,3661.0,
iShares China CNY Bond UCITS ET,CYEA.PA,CYEA,EUR,PAR,3643.0,0.35
Amundi Euro Government Bond 0-6,C3M.PA,C3M,EUR,PAR,3603.0,
Amundi Nasdaq-100 Daily (2x) Le,LQQ.PA,LQQ,EUR,PAR,3562.0,0.6
Amundi STOXX Europe 600 Telecom,TELE.PA,TELE,EUR,PAR,3548.0,0.3
VanEck Oil Services UCITS ETF,OIHV.PA,OIHV,EUR,PAR,3532.0,0.35
Amundi PEA MSCI USA Value Advan,USVE.PA,USVE,EUR,PAR,3490.0,
Amundi PEA S&P US Industrials S,PDJE.PA,PDJE,EUR,PAR,3485.0,0.5
Amundi S&P World Industrials Sc,INDW.PA,INDW,EUR,PAR,3481.0,0.18
Amundi MSCI EMU High Dividend U,CD8.PA,CD8,EUR,PAR,3445.0,
Amundi MSCI Japan SRI Climate P,JPX4.PA,JPX4,EUR,PAR,3369.0,0.18
WisdomTree Cybersecurity UCITS ,WCBR.PA,WCBR,EUR,PAR,3339.0,
EMQQ Emerging Markets Internet ,EMQQ.PA,EMQQ,EUR,PAR,3275.0,0.86
Amundi MSCI China ESG Selection,ASI.PA,ASI,EUR,PAR,3233.0,0.65
Amundi DJ Global Titans 50 UCIT,MGT.PA,MGT,EUR,PAR,3216.0,0.4
Amundi Fixed Maturity 2029 Euro,FM29.PA,FM29,EUR,PAR,3162.0,0.09
BNP PARIBAS EASY ECPI GLOBAL ES,BLUE.PA,BLUE,EUR,PAR,3125.0,
Amundi MSCI Europe SRI Climate ,EUSRI.PA,EUSRI,EUR,PAR,3078.0,0.18
State Street SPDR MSCI Japan UC,JPJY.PA,JPJY,JPY,PAR,3055.0,0.12
Amundi S&P World Information te,GLIT.PA,GLIT,EUR,PAR,2958.0,0.18
21Shares Bitcoin ETP - ABTC,ABTC.PA,ABTC,EUR,PAR,2902.0,
Amundi S&P World Consumer Discr,CODW.PA,CODW,EUR,PAR,2893.0,0.18
HSBC JAPAN SCREENED EQUITY UCIT,HSJA.PA,HSJA,EUR,PAR,2890.0,
Ossiam S&P500 - UCITS ETF 1C (E,0USE.PA,0USE,EUR,PAR,2886.0,
Amundi PEA S&P US Consumer Stap,COSE.PA,COSE,EUR,PAR,2811.0,
Amundi Prime Japan UCITS ETF DR,PRAJ.PA,PRAJ,EUR,PAR,2765.0,0.05
Amundi Global Equity Quality In,SGQI.PA,SGQI,EUR,PAR,2724.0,0.45
Amundi MSCI EMU ESG Broad Trans,MFED.PA,MFED,EUR,PAR,2717.0,0.12
Amundi MSCI Turkey UCITS ETF Ac,TUR.PA,TUR,EUR,PAR,2706.0,0.45
BNP Paribas Easy ESG Enhanced W,AWDSH.PA,AWDSH,EUR,PAR,2705.0,
HSBC MSCI JAPAN ISLAMIC SCREENE,HIJS.PA,HIJS,EUR,PAR,2664.0,
Invesco EURO STOXX High Dividen,EUHD.PA,EUHD,EUR,PAR,2657.0,
Amundi MSCI World Climate Paris,PABW.PA,PABW,EUR,PAR,2581.0,0.2
Franklin FTSE Asia ex China ex ,FLQA.PA,FLQA,EUR,PAR,2558.0,0.14
State Street SPDR MSCI Emerging,EMRG.PA,EMRG,EUR,PAR,2531.0,0.42
BNP Paribas Easy JPM ESG EMBI G,EMBH.PA,EMBH,EUR,PAR,2504.0,
AMUNDI EURO GOVERNMENT TILTED G,CB3.PA,CB3,EUR,PAR,2483.0,0.14
State Street SPDR MSCI Europe F,STZ.PA,STZ,EUR,PAR,2404.0,0.18
AMUNDI RUSSELL 2000 UCITS ETF -,RS2K.PA,RS2K,EUR,PAR,2395.0,0.35
Amundi Euro Government Bond 3-5,MTB.PA,MTB,EUR,PAR,2329.0,0.15
Invesco EQQQ Nasdaq-100 UCITS E,EQQQ.PA,EQQQ,EUR,PAR,2315.0,0.3
VanEck Ethereum ETN,VETH.PA,VETH,EUR,PAR,2313.0,
BNP Paribas Easy EUR Aggregate ,BSRIC.PA,BSRIC,EUR,PAR,2306.0,
HSBC MSCI CANADA ETF,HCAN.PA,HCAN,EUR,PAR,2258.0,0.35
BNP Paribas Easy MSCI USA SMALL,USSM.PA,USSM,EUR,PAR,2240.0,
Amundi Fixed Maturity 2030 Euro,FM30.PA,FM30,EUR,PAR,2211.0,0.09
Amundi STOXX Europe 600 Insuran,INS.PA,INS,EUR,PAR,2201.0,0.3
Amundi FTSE EPRA NAREIT Global ,EPRA.PA,EPRA,EUR,PAR,2197.0,0.24
iShares iBonds Dec 2025 Term  C,IB25.PA,IB25,EUR,PAR,2172.0,
Ossiam MSCI Europe - UCITS ETF ,MEUR.PA,MEUR,EUR,PAR,2160.0,
Amundi MSCI EMU Value Factor,VAL.PA,VAL,EUR,PAR,2142.0,0.4
Amundi S&P Eurozone Dividend Ar,EDIV.PA,EDIV,EUR,PAR,2108.0,0.3
Amundi Global Gender Equality,ELLE.PA,ELLE,EUR,PAR,2095.0,0.2
State Street SPDR RUSSELL 2000 ,R2US.PA,R2US,EUR,PAR,2083.0,0.3
Amundi IBEX 35 UCITS ETF - Acc,CS1.PA,CS1,EUR,PAR,2069.0,0.3
State Street SPDR MSCI Europe C,STT.PA,STT,EUR,PAR,2047.0,0.18
HSBC MSCI USA ISLAMIC SCREENED ,HIUS.PA,HIUS,EUR,PAR,2044.0,
BNP Paribas Easy MSCI Europe SR,SRIEC.PA,SRIEC,EUR,PAR,2034.0,
Amundi Italy MIB ESG UCITS ETF ,FMI.PA,FMI,EUR,PAR,2008.0,0.18
BNP Paribas Easy MSCI World ESG,WEMTH.PA,WEMTH,EUR,PAR,1998.0,
Amundi Core Global Government B,GGOV.PA,GGOV,EUR,PAR,1987.0,0.2
BNP Paribas Easy EUR High Yield,HYSRI.PA,HYSRI,EUR,PAR,1984.0,
WisdomTree Europe Equity Income,EEI.PA,EEI,EUR,PAR,1982.0,
HSBC FTSE 100 ETF,UKX.PA,UKX,EUR,PAR,1978.0,0.07
ODDO BHF Global Balanced Alloca,OBBA.PA,OBBA,EUR,PAR,1953.0,
AMUNDI FTSE EPRA EUROPE REAL ES,MEH.PA,MEH,EUR,PAR,1936.0,0.3
Amundi STOXX Europe 600 Industr,IND.PA,IND,EUR,PAR,1917.0,0.3
Amundi MSCI World ESG Selection,MWOS.PA,MWOS,EUR,PAR,1915.0,0.2
WisdomTree Global Efficient Cor,NTSG.PA,NTSG,EUR,PAR,1891.0,
Amundi MSCI World SRI Climate P,WESE.PA,WESE,EUR,PAR,1882.0,0.2
Amundi MSCI Europe Climate Pari,LWCE.PA,LWCE,EUR,PAR,1849.0,0.15
Amundi MSCI Europe UCITS ETF Ac,MEU.PA,MEU,EUR,PAR,1775.0,0.25
Amundi MSCI EMU Small Cap ESG B,MMS.PA,MMS,EUR,PAR,1740.0,0.4
VanEck S&P Global Mining UCITS ,GDIG.PA,GDIG,EUR,PAR,1723.0,0.5
21Shares Ethereum Staking ETP,AETH.PA,AETH,EUR,PAR,1710.0,
HSBC MSCI EUROPE ISLAMIC SCREEN,HIPS.PA,HIPS,EUR,PAR,1700.0,
AMUNDI ETF DAX UCITS ETF DR,CG1.PA,CG1,EUR,PAR,1696.0,
AMUNDI EURO HIGH YIELD BOND ESG,AHYE.PA,AHYE,EUR,PAR,1685.0,0.35
Amundi Japan TOPIX II UCITS ETF,JPN.PA,JPN,EUR,PAR,1683.0,0.45
Amundi MSCI Disruptive Technolo,UNIC.PA,UNIC,EUR,PAR,1677.0,0.45
Franklin FTSE Taiwan UCITS ETF,FLXT.PA,FLXT,EUR,PAR,1677.0,0.19
WisdomTree Physical Polkadot,DOTW.PA,DOTW,EUR,PAR,1658.0,
Invesco FTSE RAFI Emerging Mark,PEH.PA,PEH,EUR,PAR,1605.0,
BNP Paribas Easy ESG Enhanced E,ACE29.PA,ACE29,EUR,PAR,1583.0,
Amundi Stoxx Europe 50 UCITS ET,C5E.PA,C5E,EUR,PAR,1569.0,
Amundi Global Luxury UCITS ETF ,GLUX.PA,GLUX,EUR,PAR,1566.0,0.25
Amundi Fixed Maturity 2028 Euro,FM28.PA,FM28,EUR,PAR,1556.0,0.09
Amundi Global Aggregate Green B,CLIM.PA,CLIM,EUR,PAR,1550.0,0.25
Amundi Euro Government Inflatio,MTI.PA,MTI,EUR,PAR,1530.0,0.09
HSBC MSCI JAPAN ETF,MJP.PA,MJP,EUR,PAR,1527.0,0.19
VanEck Morningstar US ESG Wide ,MOAT.PA,MOAT,EUR,PAR,1520.0,0.49
Harbor Health Care UCITS ETF,WELL.PA,WELL,EUR,PAR,1512.0,0.59
BNP Paribas Easy ECPI Global ES,HYDRO.PA,HYDRO,EUR,PAR,1497.0,
Amundi S&P World Financials Scr,GLFI.PA,GLFI,EUR,PAR,1493.0,0.18
HSBC MSCI WORLD ISLAMIC SCREENE,HIWS.PA,HIWS,EUR,PAR,1466.0,
WisdomTree Uranium and Nuclear ,NCLR.PA,NCLR,EUR,PAR,1455.0,
Invesco FTSE Emerging Markets H,EMHD.PA,EMHD,EUR,PAR,1436.0,
AMUNDI FLOATING RATE USD CORPOR,AFLE.PA,AFLE,EUR,PAR,1432.0,0.2
Amundi USD Corporate Bond Clima,USIH.PA,USIH,EUR,PAR,1416.0,0.2
Amundi US Inflation Expectation,INFU.PA,INFU,EUR,PAR,1366.0,0.25
AMUNDI MSCI EUROPE MOMENTUM FAC,MCEU.PA,MCEU,EUR,PAR,1347.0,0.23
State Street SPDR MSCI Europe H,STW.PA,STW,EUR,PAR,1321.0,0.18
State Street SPDR Bloomberg Eur,EAGG.PA,EAGG,EUR,PAR,1318.0,0.17
VanEck Bitcoin ETN,VBTC.PA,VBTC,EUR,PAR,1316.0,
Amundi EUR Corporate Bond Clima,CRP.PA,CRP,EUR,PAR,1267.0,0.14
Amundi Italy BTP Daily (-2x) In,BTPS.PA,BTPS,EUR,PAR,1266.0,0.4
Invesco Global Buyback Achiever,BUYB.PA,BUYB,EUR,PAR,1245.0,
Making Europe Great Again UCITS,GR8.PA,GR8,EUR,PAR,1236.0,
US Global Investors Travel UCIT,TRYP.PA,TRYP,EUR,PAR,1234.0,0.69
Amundi Euro Government Bond 5-7,MTC.PA,MTC,EUR,PAR,1231.0,0.15
WisdomTree Physical Cardano,ADAW.PA,ADAW,EUR,PAR,1226.0,
Amundi MSCI China Tech UCITS ET,CC1.PA,CC1,EUR,PAR,1200.0,0.55
AMUNDI MSCI Europe High Dividen,CD9.PA,CD9,EUR,PAR,1165.0,0.23
Amundi Euro Inflation Expectati,INFL.PA,INFL,EUR,PAR,1162.0,0.25
Amundi MSCI Europe Small Cap ES,CEM.PA,CEM,EUR,PAR,1161.0,0.23
Amundi Fixed Maturity 2026 Euro,FM26.PA,FM26,EUR,PAR,1144.0,0.09
State Street SPDR MSCI Europe U,STU.PA,STU,EUR,PAR,1132.0,0.18
21Shares Chainlink ETP,ALINK.PA,ALINK,EUR,PAR,1110.0,
Amundi Dow Jones Industrial Ave,DJE.PA,DJE,EUR,PAR,1091.0,0.5
Amundi MSCI Japan ESG Broad Tra,CJ1.PA,CJ1,EUR,PAR,1065.0,0.15
Amundi MSCI USA ESG Broad Trans,USAC.PA,USAC,EUR,PAR,1060.0,0.07
Invesco RAFI US Fundamental Val,PFT.PA,PFT,EUR,PAR,1046.0,0.39
Amundi MSCI Europe ESG Broad Tr,CEU.PA,CEU,EUR,PAR,1024.0,0.12
Invesco FTSE RAFI Europe UCITS ,PEF.PA,PEF,EUR,PAR,999.0,
AMUNDI MSCI NORDIC UCITS ETF - ,CN1.PA,CN1,EUR,PAR,995.0,0.25
Amundi MSCI Digital Economy UCI,EBUY.PA,EBUY,EUR,PAR,972.0,0.45
Amundi Core Global Aggregate Bo,GAGG.PA,GAGG,EUR,PAR,965.0,0.1
BNP PARIBAS EASY Alpha Enhanced,QEUR.PA,QEUR,EUR,PAR,964.0,
Amundi Euro Lowest Rated IG Gov,X1G.PA,X1G,EUR,PAR,963.0,0.14
State Street SPDR MSCI Europe M,STP.PA,STP,EUR,PAR,878.0,0.18
State Street SPDR MSCI Europe S,SMC.PA,SMC,EUR,PAR,865.0,0.3
BNP Paribas Easy MSCI Europe Sm,EESM.PA,EESM,EUR,PAR,830.0,
Amundi MSCI EMU SRI Climate Par,EESG.PA,EESG,EUR,PAR,819.0,0.18
iShares iBonds Dec 2035 Term  C,IG35.PA,IG35,EUR,PAR,810.0,
Amundi Euro Highest Rated Macro,MAA.PA,MAA,EUR,PAR,798.0,0.165
Amundi MSCI All Country World U,ACWI.PA,ACWI,EUR,PAR,798.0,0.45
AMUNDI LIFECYCLE 2036 UCITS ETF,LC36.PA,LC36,EUR,PAR,795.0,0.18
Amundi Euro High Yield Bond ESG,HYBB.PA,HYBB,EUR,PAR,791.0,0.35
Amundi MSCI UK IMI SRI Climate ,FTSE.PA,FTSE,GBP,PAR,782.0,0.18
Amundi S&P World Health Care Sc,GLHL.PA,GLHL,EUR,PAR,781.0,0.18
Amundi EUR High Yield Corporate,HYCC.PA,HYCC,EUR,PAR,778.0,0.25
BNP Paribas EASY ECPI Global ES,ENG.PA,ENG,EUR,PAR,768.0,
Amundi MSCI Europe Ex EMU ESG S,CU9.PA,CU9,EUR,PAR,738.0,
Amundi German Bund Daily (-2x) ,DSB.PA,DSB,EUR,PAR,732.0,0.2
BNP PARIBAS EASY II EUR Credit ,AIPE.PA,AIPE,EUR,PAR,732.0,
Bitwise Physical Bitcoin ETP,BTCE.PA,BTCE,EUR,PAR,724.0,
BNP Paribas Easy Low Carbon 300,LCWLD.PA,LCWLD,EUR,PAR,711.0,
VanEck Solana ETN,VSOL.PA,VSOL,EUR,PAR,707.0,
iShares iBonds Dec 2028 Term EU,28IY.PA,28IY,EUR,PAR,705.0,
AMUNDI MSCI EUROPE QUALITY FACT,QCEU.PA,QCEU,EUR,PAR,701.0,0.23
Amundi Label ISR Actions Japon ,ISJH.PA,ISJH,EUR,PAR,700.0,
Invesco FTSE RAFI All World 300,PSRW.PA,PSRW,EUR,PAR,684.0,
Amundi MSCI World Information T,TNOW.PA,TNOW,EUR,PAR,675.0,0.3
HSBC UK SCREENED EQUITY UCITS E,HSUK.PA,HSUK,EUR,PAR,673.0,0.12
Amundi EUR Corporate Bond ex-Fi,CNB.PA,CNB,EUR,PAR,665.0,0.14
Amundi Euro Government Bond 15+,MTF.PA,MTF,EUR,PAR,642.0,0.15
OSSIAM STOXX(R) EUROPE 600 EQUA,S6EW.PA,S6EW,EUR,PAR,636.0,0.35
BNP Paribas Easy Low Carbon 100,ECND.PA,ECND,EUR,PAR,633.0,
21Shares Cardano ETP,AADA.PA,AADA,EUR,PAR,616.0,
Ossiam MSCI EMU - UCITS ETF 1C ,0EMU.PA,0EMU,EUR,PAR,614.0,
Amundi MSCI World Health Care U,HLTW.PA,HLTW,EUR,PAR,600.0,0.3
Amundi MSCI North America ESG B,NRAM.PA,NRAM,EUR,PAR,596.0,0.15
Ossiam Bloomberg Canada PAB NR ,OP8E.PA,OP8E,EUR,PAR,595.0,
Franklin US Mega Cap 100 UCITS ,US100.PA,US100,EUR,PAR,581.0,
Bitwise Celestia Staking ETP,TIAB.PA,TIAB,EUR,PAR,577.0,
State Street SPDR Bloomberg Eme,EMLD.PA,EMLD,EUR,PAR,572.0,0.55
AMUNDI LIFECYCLE 2039 UCITS ETF,LC39.PA,LC39,EUR,PAR,571.0,0.18
State Street SPDR S&P 500 UCITS,SPY5.PA,SPY5,EUR,PAR,565.0,0.09
iShares  Short Term Swap PEA ET,EPEA.PA,EPEA,EUR,PAR,564.0,
BNP Paribas Easy MSCI World Equ,WEWEU.PA,WEWEU,EUR,PAR,557.0,
AMUNDI MSCI USA MINIMUM VOLATIL,MIVU.PA,MIVU,EUR,PAR,557.0,0.18
Amundi Global Hydrogen UCITS ET,ANRJ.PA,ANRJ,EUR,PAR,547.0,
AMUNDI EUR HIGH YIELD CORPORATE,YIEL.PA,YIEL,EUR,PAR,541.0,0.25
Amundi Fixed Maturity 2027 Euro,FM27.PA,FM27,EUR,PAR,532.0,0.09
21Shares Crypto Basket Index ET,HODL.PA,HODL,EUR,PAR,515.0,
ODDO BHF US Equity Active UCITS,OBUS.PA,OBUS,EUR,PAR,501.0,
AMUNDI MSCI Europe Value Factor,CV9.PA,CV9,EUR,PAR,497.0,0.23
Gold Miners Screened UCITS ETF,ESGO.PA,ESGO,EUR,PAR,488.0,
Amundi MSCI China A UCITS ETF A,CNAA.PA,CNAA,EUR,PAR,485.0,0.35
21Shares Aptos Staking ETP,APTOS.PA,APTOS,EUR,PAR,470.0,2.5
VanEck Morningstar Global Wide ,GOAT.PA,GOAT,EUR,PAR,466.0,0.52
Ossiam Bloomberg Japan PAB NR -,OP5E.PA,OP5E,EUR,PAR,466.0,
INDEXIQ FACTORS SUSTAINABLE EUR,IQEE.PA,IQEE,EUR,PAR,463.0,0.3
WisdomTree Artificial Intellige,WTAI.PA,WTAI,EUR,PAR,450.0,
OSSIAM Shiller Barclays CAPE Eu,CAPE.PA,CAPE,EUR,PAR,430.0,0.65
AMUNDI CAC TRANSITION CLIMAT UC,CF1.PA,CF1,EUR,PAR,413.0,
Amundi STOXX Europe 600 Basic M,CHM.PA,CHM,EUR,PAR,411.0,0.3
BNP Paribas Easy Alpha Enhanced,QEIG.PA,QEIG,EUR,PAR,409.0,
BNP PARIBAS EASY FTSE EPRA Nare,GREAD.PA,GREAD,EUR,PAR,408.0,
21Shares Crypto Basket 10 Core ,HODLX.PA,HODLX,EUR,PAR,402.0,
AMUNDI JPX-NIKKEI 400 UCITS ETF,JPNK.PA,JPNK,EUR,PAR,384.0,0.18
AMUNDI MSCI EUROPE GROWTH UCITS,CG9.PA,CG9,EUR,PAR,374.0,0.35
HSBC MSCI USA Quality UCITS ETF,MUS.PA,MUS,EUR,PAR,363.0,0.3
BNP PARIBAS EASY Growth Europe ,EGRO.PA,EGRO,EUR,PAR,352.0,
Amundi MSCI AC Asia Ex Japan UC,APX.PA,APX,EUR,PAR,352.0,0.5
HSBC MSCI WORLD SMALL CAP SCREE,HWSS.PA,HWSS,EUR,PAR,345.0,
WisdomTree Physical Crypto Mega,BLOC.PA,BLOC,EUR,PAR,342.0,
Invesco US High Yield Fallen An,HYFA.PA,HYFA,EUR,PAR,341.0,
VanEck Morningstar US Wide Moat,MOTU.PA,MOTU,EUR,PAR,339.0,0.46
BNP Paribas Easy ESG Eurozone B,BIODV.PA,BIODV,EUR,PAR,328.0,
FIRST TRUST GLOBAL ALPHADEX UCI,FGBL.PA,FGBL,EUR,PAR,323.0,
21Shares Algorand ETP,ALGO.PA,ALGO,EUR,PAR,320.0,
Amundi PEA MSCI USA ESG Selecti,CU2.PA,CU2,EUR,PAR,315.0,0.35
INDEXIQ FACTORS SUSTAINABLE COR,IQEC.PA,IQEC,EUR,PAR,305.0,0.35
Amundi MSCI World Ex EMU UCITS ,CM9.PA,CM9,EUR,PAR,302.0,
Amundi Core UK Government Bond ,GILS.PA,GILS,EUR,PAR,300.0,0.05
iShares iBonds Dec 2025 Term $ ,TI25.PA,TI25,EUR,PAR,292.0,
Bitwise Physical Ethereum ETP,ZETH.PA,ZETH,EUR,PAR,285.0,
Amundi Global Bioenergy UCITS E,CWE.PA,CWE,EUR,PAR,275.0,0.35
WisdomTree Battery Solutions UC,VOLT.PA,VOLT,EUR,PAR,259.0,
Amundi UK Government Inflation-,GILI.PA,GILI,EUR,PAR,259.0,0.07
AMUNDI S&P 500 BUYBACK UCITS ET,BYBE.PA,BYBE,EUR,PAR,251.0,0.15
Invesco S&P 500 QVM UCITS ETF,PQVM.PA,PQVM,EUR,PAR,245.0,0.35
HSBC MSCI Japan UCITS ETF USD (,HMJS.PA,HMJS,EUR,PAR,242.0,
OSSIAM SHILLER BARCLAYS CAPE US,CAPU.PA,CAPU,EUR,PAR,236.0,0.65
AMUNDI USD HIGH YIELD CORPORATE,USHY.PA,USHY,EUR,PAR,229.0,0.25
Amundi Euro Government Bond Hig,AM3A.PA,AM3A,EUR,PAR,226.0,0.14
VanEck US Fallen Angel High Yie,USFA.PA,USFA,EUR,PAR,224.0,0.35
Amundi MSCI Pacific Ex Japan SR,CP9.PA,CP9,EUR,PAR,224.0,0.45
Amundi MSCI Europe ex Switzerla,CS9.PA,CS9,EUR,PAR,212.0,0.13
Invesco EuroMTS Cash 3 Months U,PEU.PA,PEU,EUR,PAR,205.0,
Amundi Euro Corp 0-1Y ESG UCITS,ECR1.PA,ECR1,EUR,PAR,204.0,0.08
Franklin FTSE Developed World U,WORLD.PA,WORLD,EUR,PAR,203.0,
BNP Paribas Easy Dividend Europ,EDEU.PA,EDEU,EUR,PAR,201.0,
Amundi MSCI Europe Growth UCITS,GWT.PA,GWT,EUR,PAR,199.0,0.35
Amundi MSCI Millennials UCITS E,MILL.PA,MILL,EUR,PAR,198.0,0.45
BNP PARIBAS EASY Low Vol Europe,EVOE.PA,EVOE,EUR,PAR,194.0,
BNP Paribas Easy JPM ESG Green ,GSSBD.PA,GSSBD,EUR,PAR,184.0,
iShares iBonds Dec 2025 Term Co,IBE5.PA,IBE5,EUR,PAR,176.0,
iShares iBonds Dec 2028 Term US,28ID.PA,28ID,EUR,PAR,173.0,
BNP PARIBAS EASY Value Europe [,EVAE.PA,EVAE,EUR,PAR,162.0,
Ossiam Shiller Barclays CAPE(R),5OGE.PA,5OGE,EUR,PAR,161.0,
Ossiam Bloomberg Asia Pacific e,OP6E.PA,OP6E,EUR,PAR,150.0,
OSSIAM CAC 40 NR - UCITS ETF 1C,0CAC.PA,0CAC,EUR,PAR,147.0,
AMUNDI LIFECYCLE 2033 UCITS ETF,LC33.PA,LC33,EUR,PAR,141.0,0.18
Franklin European Quality Divid,DIVA.PA,DIVA,EUR,PAR,137.0,
21shares Cronos Staking ETP,CRON.PA,CRON,EUR,PAR,135.0,
State Street SPDR Bloomberg 1-3,GOVS.PA,GOVS,EUR,PAR,129.0,0.15
Franklin FTSE Saudi Arabia UCIT,SAUDI.PA,SAUDI,EUR,PAR,127.0,
VanEck J.P. Morgan EM Local Cur,EMLC.PA,EMLC,EUR,PAR,126.0,0.3
BNP PARIBAS EASY Quality Europe,EQUA.PA,EQUA,EUR,PAR,124.0,
WisdomTree Eurozone Quality Div,EGRA.PA,EGRA,EUR,PAR,123.0,
Franklin FTSE Japan UCITS ETF,JAPAN.PA,JAPAN,EUR,PAR,117.0,
Ossiam Bloomberg USA PAB NR UCI,OP7E.PA,OP7E,EUR,PAR,113.0,
Hashdex Nasdaq CME Crypto Index,HASH.PA,HASH,EUR,PAR,113.0,
AMUNDI MSCI WORLD EX EUROPE UCI,CE8.PA,CE8,EUR,PAR,110.0,0.35
Amundi US Treasury Bond 3-7Y UC,US37.PA,US37,EUR,PAR,110.0,0.06
VanEck Emerging Markets High Yi,HYEM.PA,HYEM,EUR,PAR,108.0,0.4
Amundi MSCI World Financials UC,FINSW.PA,FINSW,EUR,PAR,107.0,0.3
Amundi MSCI India Swap II UCITS,CI2.PA,CI2,EUR,PAR,106.0,0.8
Amundi EUR Floating Rate Corpor,AFRHG.PA,AFRHG,GBP,PAR,100.0,0.2
VanEck Morningstar US SMID Moat,SMOT.PA,SMOT,EUR,PAR,97.0,0.49
AMUNDI LIFECYCLE 2030 UCITS ETF,LC30.PA,LC30,EUR,PAR,97.0,0.18
iShares iBonds Dec 2026 Term US,26ID.PA,26ID,EUR,PAR,89.0,
21Shares Crypto Basket Equal We,HODLV.PA,HODLV,EUR,PAR,81.0,
21Shares XDC Network ETP,XDCN.PA,XDCN,EUR,PAR,78.0,
BNP Paribas Easy Value Europe,VALD.PA,VALD,EUR,PAR,77.0,
WisdomTree US Quality Dividend ,DGRA.PA,DGRA,EUR,PAR,75.0,
Amundi US Treasury Bond 1-3Y UC,US13.PA,US13,EUR,PAR,72.0,0.06
DDA Physical Bitcoin ETP,XBTI.PA,XBTI,EUR,PAR,65.0,
iShares iBonds Dec 2026 Term EU,26TP.PA,26TP,EUR,PAR,65.0,
ODDO BHF Global Equity Active U,OBGE.PA,OBGE,EUR,PAR,58.0,
Guinness Sustainable Energy UCI,CLMA.PA,CLMA,EUR,PAR,56.0,0.65
ETC Group Web 3.0 UCITS ETF,WEB3.PA,WEB3,EUR,PAR,53.0,
Franklin FTSE Emerging Markets ,EMERG.PA,EMERG,EUR,PAR,52.0,0.16
Franklin AI Metaverse and Block,METE.PA,METE,EUR,PAR,51.0,0.3
Amundi US Treasury Bond Long Da,U10HK.PA,U10HK,HKD,PAR,51.0,0.1
WisdomTree Global Quality Divid,GGRA.PA,GGRA,EUR,PAR,48.0,
Franklin MSCI China Paris Align,FRCP.PA,FRCP,EUR,PAR,48.0,0.22
Ossiam Bloomberg Europe ex Euro,OP4E.PA,OP4E,EUR,PAR,47.0,
Amundi US Treasury Bond 7-10Y U,U710H.PA,U710H,HKD,PAR,46.0,0.06
BNP Paribas Easy FTSE EPRA Nare,GRCTB.PA,GRCTB,EUR,PAR,44.0,
BNP PARIBAS EASY ALPHA ENHANCED,QGLOE.PA,QGLOE,EUR,PAR,36.0,
Amundi US Curve steepening 2-10,STPU.PA,STPU,EUR,PAR,32.0,0.3
BNP Paribas Easy MSCI ACWI SRI ,PAACE.PA,PAACE,EUR,PAR,30.0,
BNP Paribas Easy Quality Europe,QUED.PA,QUED,EUR,PAR,30.0,
iShares iBonds Dec 2027 Term $ ,DI27.PA,DI27,EUR,PAR,29.0,
Franklin MSCI World Catholic Pr,FAITH.PA,FAITH,EUR,PAR,29.0,0.27
Ossiam Bloomberg World PAB UCIT,OP9E.PA,OP9E,EUR,PAR,28.0,
Franklin FTSE Emerging ex China,EXCN.PA,EXCN,EUR,PAR,23.0,0.16
Franklin Future of Food UCITS E,FOFD.PA,FOFD,EUR,PAR,20.0,0.3
Franklin MSCI Emerging Markets ,FREP.PA,FREP,EUR,PAR,19.0,0.18
Franklin Future of Health and W,FOHW.PA,FOHW,EUR,PAR,15.0,0.3
VanEck Polkadot ETN,VDOT.PA,VDOT,EUR,PAR,13.0,
BNP Paribas Easy Low Vol Europe,VLED.PA,VLED,EUR,PAR,10.0,
Franklin US Dividend Tilt UCITS,USDIV.PA,USDIV,EUR,PAR,9.0,
INDEXIQ FACTORS SUSTAINABLE JAP,IQJP.PA,IQJP,EUR,PAR,7.0,0.35
Ossiam Shiller Barclays CAPE US,CAPH.PA,CAPH,EUR,PAR,7.0,
OSSIAM MSCI WORLD - UCITS ETF 1,0SWE.PA,0SWE,EUR,PAR,5.0,
VanEck Global Fallen Angels Hig,GFA.PA,GFA,EUR,PAR,5.0,0.4
Amundi Global Aggregate Bond ES,GASR.PA,GASR,EUR,PAR,4.0,0.14
Tracker Securities on Polkadot ,SDOT.PA,SDOT,EUR,PAR,0.0,
OFI INVEST US EQUITY ACTIVE UCI,OFIUS.PA,OFIUS,EUR,PAR,0.0,
VanEck TRON ETN,VTRX.PA,VTRX,EUR,PAR,0.0,
HANS-GINS Tech Megatrend Equal ,ITEK.PA,ITEK,EUR,PAR,0.0,0.59
BNP Paribas Easy ESG Enhanced U,AUSSH.PA,AUSSH,EUR,PAR,0.0,
BNP Paribas Easy USD Corp Bond ,USCBH.PA,USCBH,EUR,PAR,0.0,
BNP Paribas Easy ESG Enhanced J,AJASH.PA,AJASH,EUR,PAR,0.0,
iShares iBonds Dec 2029 Term $ ,29ID-EUR.PA,29ID-EUR,EUR,PAR,,
iShares iBonds Dec 2030 Term $ ,30ID-EUR.PA,30ID-EUR,EUR,PAR,,
VNEX      PI OPENV,8G19V.PA,8G19V,EUR,PAR,,
AMEXB     PI OPENN,AABAB.PA,AABAB,EUR,PAR,,
DJCHM     PI OPENN,AABCH.PA,AABCH,EUR,PAR,,
DAX       PI OPENN,AABDX.PA,AABDX,EUR,PAR,,
DJOIL     PI OPENN,AABEN.PA,AABEN,EUR,PAR,,
DJFOD     PI OPENN,AABFB.PA,AABFB,EUR,PAR,,
GBUGS     PI OPENN,AABGB.PA,AABGB,EUR,PAR,,
DJBKS     PI OPENN,AABKX.PA,AABKX,EUR,PAR,,
DJFIN     PI OPENN,AAFIN.PA,AAFIN,EUR,PAR,,
DJHLT     PI OPENN,AAHLT.PA,AAHLT,EUR,PAR,,
DJGDS     PI OPENN,AAIND.PA,AAIND,EUR,PAR,,
DJINS     PI OPENN,AAINS.PA,AAINS,EUR,PAR,,
21Shares Arbitrum ETP,AARB-EUR.PA,AARB-EUR,EUR,PAR,,
SXRE      PI OPENB,AARTL.PA,AARTL,EUR,PAR,,
ESTX      PI OPENN,AASTX.PA,AASTX,EUR,PAR,,
DJTCH     PI OPENN,AATCX.PA,AATCX,EUR,PAR,,
DJTLC     PI OPENN,AATLC.PA,AATLC,EUR,PAR,,
DJUTI     PI OPENN,AAUTL.PA,AAUTL,EUR,PAR,,
21Shares Aave ETP,AAVE-EUR.PA,AAVE-EUR,EUR,PAR,,
21Shares Bitcoin Cash ETP,ABCH-EUR.PA,ABCH-EUR,EUR,PAR,,
DOWJO     PI OPENN,ABDJI.PA,ABDJI,EUR,PAR,,
HSI       PI OPENN,ABHSN.PA,ABHSN,EUR,PAR,,
Z KOREA   CT OPENN,ABKSP.PA,ABKSP,EUR,PAR,,
SP500     PI OPENN,ABNSP.PA,ABNSP,EUR,PAR,,
NASDQ     PI OPENN,ABNSQ.PA,ABNSQ,EUR,PAR,,
SMI       PI OPENN,ABSMI.PA,ABSMI,EUR,PAR,,
VALOUR CARDANO,ADAVE.PA,ADAVE,EUR,PAR,,
21Shares Polkadot ETP,ADOT-EUR.PA,ADOT-EUR,EUR,PAR,,
iShares AI Adopters & Applicati,AIAA-EUR.PA,AIAA-EUR,EUR,PAR,,
21Shares Immutable ETP,AIMX-EUR.PA,AIMX-EUR,EUR,PAR,,
iShares AI Infrastructure UCITS,AINF-EUR.PA,AINF-EUR,EUR,PAR,,
21Shares Injective Staking ETP,AINJ-EUR.PA,AINJ-EUR,EUR,PAR,,
WisdomTree Physical Crypto Altc,ALTC-EUR.PA,ALTC-EUR,EUR,PAR,,
21Shares Crypto Mid-Market Inde,ALTS-EUR.PA,ALTS-EUR,EUR,PAR,,
Tracker Securities on AMINAX In,AMINA.PA,AMINA,EUR,PAR,,
21Shares Optimism ETP,AOPT-EUR.PA,AOPT-EUR,EUR,PAR,,
21Shares Solana Staking ETP,ASOL-EUR.PA,ASOL-EUR,EUR,PAR,,
21Shares Stacks Staking ETP,ASTX-EUR.PA,ASTX-EUR,EUR,PAR,,
21Shares Sui Staking ETP,ASUI-EUR.PA,ASUI-EUR,EUR,PAR,,
21Shares Celestia Staking ETP,ATIA.PA,ATIA,EUR,PAR,,
21Shares Uniswap ETP,AUNI-EUR.PA,AUNI-EUR,EUR,PAR,,
21Shares Avalanche Staking ETP,AVAX-EUR.PA,AVAX-EUR,EUR,PAR,,
21Shares Stellar ETP,AXLM-EUR.PA,AXLM-EUR,EUR,PAR,,
21Shares XRP ETP,AXRP-EUR.PA,AXRP-EUR,EUR,PAR,,
21shares Tezos ETP,AXTZ-EUR.PA,AXTZ-EUR,EUR,PAR,,
CoinShares Bitcoin ETP,BITC.PA,BITC,EUR,PAR,,
DDA Bitcoin Macro ETP,BMAC.PA,BMAC,EUR,PAR,,
21Shares Binance Coin ETP,BNBA-EUR.PA,BNBA-EUR,EUR,PAR,,
21Shares Bitcoin Gold ETP,BOLD-EUR.PA,BOLD-EUR,EUR,PAR,,
VALOUR BITCOIN ZERO,BTC0E.PA,BTC0E,EUR,PAR,,
Bitwise Diaman Bitcoin & Gold E,BTCG-EUR.PA,BTCG-EUR,EUR,PAR,,
21Shares Bitcoin Core ETP,CBTC-EUR.PA,CBTC-EUR,EUR,PAR,,
CoinShares Ethereum Staking ETP,CETH.PA,CETH,EUR,PAR,,
iShares Smart City Infrastructu,CITY-EUR.PA,CITY-EUR,EUR,PAR,,
Bitwise MSCI Digital Assets Sel,DA20.PA,DA20,EUR,PAR,,
iShares iBonds Dec 2035 Term $ ,DI35-EUR.PA,DI35-EUR,EUR,PAR,,
VALOUR POLKADOT,DOTVE-XPAR.PA,DOTVE-XPAR,EUR,PAR,,
Bitwise Physical Litecoin ETP,ELTC-EUR.PA,ELTC-EUR,EUR,PAR,,
VALOUR ETHEREUM ZERO,ETH0E.PA,ETH0E,EUR,PAR,,
21Shares Ethereum Core Staking ,ETHC-EUR.PA,ETHC-EUR,EUR,PAR,,
iShares S&P 500 Equal Weight UC,EWSP-EUR.PA,EWSP-EUR,EUR,PAR,,
21Shares Future of Crypto Index,FUTR-EUR.PA,FUTR-EUR,EUR,PAR,,
Hashdex Crypto Momentum Factor ,HAMO-EUR.PA,HAMO-EUR,EUR,PAR,,
iShares iBonds Dec 2028 Term $ ,IU28-EUR.PA,IU28-EUR,EUR,PAR,,
iShares MSCI World Swap UCITS E,IWDS-EUR.PA,IWDS-EUR,EUR,PAR,,
iShares iBonds Dec 2029 Term  C,IX29-XPAR.PA,IX29-XPAR,EUR,PAR,,
21Shares NEAR Protocol Staking ,NEAR-EUR.PA,NEAR-EUR,EUR,PAR,,
WisdomTree Eurozone Efficient C,NTSZ-XPAR.PA,NTSZ-XPAR,EUR,PAR,,
21Shares Ondo ETP,ONDO-EUR.PA,ONDO-EUR,EUR,PAR,,
21Shares Polygon ETP,POLY.PA,POLY,EUR,PAR,,
21Shares Pyth Network ETP,PYTH-EUR.PA,PYTH-EUR,EUR,PAR,,
iSh Nasd 100 ex-Top 30 UCITS ET,QNXT-EUR.PA,QNXT-EUR,EUR,PAR,,
iSh Nasdaq 100 Top 30 UCITS ETF,QTOP-EUR.PA,QTOP-EUR,EUR,PAR,,
21Shares Render ETP,RNDR-EUR.PA,RNDR-EUR,EUR,PAR,,
Tracker Securities on Bitcoin (,SBTCU-EUR.PA,SBTCU-EUR,EUR,PAR,,
Amundi MSCI Smart Cities UCITS ,SCITY-EUR.PA,SCITY-EUR,EUR,PAR,,
Tracker Securities on Ethereum ,SETH-EUR.PA,SETH-EUR,EUR,PAR,,
VALOUR SOLANA,SOLVE-XPAR.PA,SOLVE-XPAR,EUR,PAR,,
iShares S&P 500 Top 20 UCITS ET,SP20-EUR.PA,SP20-EUR,EUR,PAR,,
VanEck Morningstar Developed Ma,TDIV-XPAR.PA,TDIV-XPAR,EUR,PAR,,
21Shares Toncoin Staking ETP,TONN-EUR.PA,TONN-EUR,EUR,PAR,,
SSTX      PI OPENV,UB93V.PA,UB93V,EUR,PAR,,
BTUSD     PI OPENV,US88V.PA,US88V,EUR,PAR,,
XTUSD     PI OPENV,US89V.PA,US89V,EUR,PAR,,
Amundi MSCI USA SRI Climate Par,USRI-EUR.PA,USRI-EUR,EUR,PAR,,
Virtune Staked Solana ETP,VRTS-XPAR.PA,VRTS-XPAR,EUR,PAR,,
CARBO     PI OPENV,XQ48V.PA,XQ48V,EUR,PAR,,
